Название темы,Ключевые слова,Количество сообщений,ID сообщения,Текст сообщения,Важность
Оптимизация рекламных алгоритмов Яндекс,"такой, яндекс, давать, говорить, думать, маркетолог, конверсия",469,44105,"Настраиваешь цель на одну кнопку, через неделю боты ее давят, настраиваешь на другую и снимаешь с первой, боты через неделю вторую давят",0.93
Веб-аналитика и настройка рекламы,"сайт, просто, мочь, дать, реклама, сказать, знать",331,44857,"На самом деле не важно сколько в начале, главное какие перспективы, поэтому лучше выбрать хорошее агентство с хорошими клиентами за 30к, чем какую-ниб...",0.93
Практические кейсы маркетинга,"сделать, делать, время, работать, ты, разный, день",233,45623,"Да ну не парься, завтра всё может поменяться, а так в одной группе, аудитория по всем собирается одна и работает, будешь копать, будешь перенастраиват...",0.94
SEO и привлечение трафика,"хотеть, писать, страница, чат, поиск, знать, такой",176,44531,А пока я одну расскажу Роскомнадзор будет контролировать всех жителей России и выявлять потенциально опасных граждан. Для этого ведомство создаёт спец...,0.96
Управление и бизнес-процессы,"работать, вообще, компания, яндекс, менеджер, знать, стать",145,45734,Вебинар «Проблема власти в среде руководителей» 👑 Станислав Беляев — технический менеджер проектов в Microsoft — 26 февраля в 19:30 готов поделиться с...,0.97
Аналитика эффективности,"метрика, сайт, товар, сам, трафик, понять, вопрос",123,43235,"Ребят, можно я задам дилетантский вопрос. Ранее спрашивал про передачу из офлайна в метрику. Я не пойму вот чего. Клиент увидел рекламу на поиске, пер...",0.95
Карьерные вопросы,"год, цель, написать, должный, посмотреть, новый, норма",121,46376,"Коллеги, у меня вопрос про рекламу в ТГ через директ. Есть ли смысл запускать ее сроком на неделю? Допустим прогреть канал перед праздником? (С целью ...",0.90
Финансы и монетизация проектов,"свой, работа, такой, месяц, начать, объявление, самый",102,43160,"Всем привет! Появился такой вопрос. Или даже тема для обсуждения, точно не знаю) Решил вдобавок к работе попробовать брать дополнительные заказы на фр...",0.97
Обучение и курсы,"ещё, нужный, курс, практикум, наш, мы, один",68,44652,"Финальный колл от команды исследователей Яндекс Практикума. 📣 Мы почти собрали нужную квоту ответов, чтобы получить результаты, которым мы можем довер...",0.97
Техническая поддержка,"прийти, какой-то, наверное, ребята, друг, кампания, почему",55,44272,"Сами решили, что мало денег беру Почему? Потому что так решили 😹",0.88
Привлечение и удержание клиентов,"мой, человек, найти, ждать, андрей, попробовать, очень",55,44444,"Привет! Я чисто с идеями для вдохновения, не претендую на глубокую экспертизу. Просто фантазирую, что я бы тут еще попробовала. Есть ли у компании фун...",0.97
